H,V,t,R0
0.0,10.0,0.0,0.95
0.0009963187335723094,9.991055225670163,0.01884575326449377,0.95
0.009597116067749536,9.913599480188212,0.18741898239780122,0.95
0.028352242667243652,9.742969210999226,0.5975571416624915,0.95
0.05167710678899043,9.526296561071982,1.21779436065423,0.95
0.07439608034566902,9.307706976215178,2.008439437194528,0.95
0.09522290296522089,9.095160716460065,3.0348852594272193,0.95
0.11159350058661159,8.91008992601538,4.290076821165136,0.95
0.12308237284540637,8.754414035868194,5.816668756986154,0.95
0.1299247438500054,8.625741559890717,7.631380373943942,0.95
0.13316688038706592,8.513828996754262,9.782772713702746,0.95
0.13394370126823593,8.40769212844423,12.322666885202345,0.95
0.13320607783725566,8.296583620787553,15.339584797231177,0.95
0.13155905470528007,8.171408523959752,18.95985090297904,0.95
0.12927935793676798,8.023547478525726,23.380261331651578,0.95
0.12639371081296785,7.843170756570823,28.907426862298408,0.95
0.12274363631600585,7.616492670403764,36.04195005880052,0.95
0.11806746412378526,7.326334044667748,45.49203285535629,0.95
0.112485174894232,6.9801678426602685,57.26977338374789,0.95
0.10696750825112478,6.639156126176155,69.46313358518901,0.95
0.10217474001147286,6.3450893376001964,80.50206137834705,0.95
0.098142306880072,6.096521378694071,90.23505283498724,0.95
0.09462180424399388,5.87657826858162,99.17028447767748,0.95
0.09132829197603427,5.670411531932484,107.85284089806933,0.95
0.08810468335196948,5.469364406891527,116.63304188877478,0.95
0.08490514002655304,5.270407446519184,125.64881034704433,0.95
0.08174357606983394,5.074138303078179,134.88458626888058,0.95
0.07865767666823337,4.882720665159636,144.24390775958648,0.95
0.07568157920920883,4.698145653356312,153.62324791707576,0.95
0.07283164366233139,4.521344255572023,162.95961609392657,0.95
0.06751625158573739,4.1890719100806155,181.5172756201975,0.95
0.06108910864192786,3.790757125476824,205.82922618042872,0.95
0.052404378190224095,3.2517549200923894,243.12407542581514,0.95
0.0442573432271626,2.7462372601115774,284.205263510741,0.95
0.03675699558658242,2.280825926872983,329.3454508546881,0.95
0.03010323168793093,1.8679503011895493,377.8808285509678,0.95
0.02439310254359959,1.513628080196649,428.9942055531222,0.95
0.019584721719102933,1.2152608601980743,482.3408886859792,0.95
0.015617483742888605,0.9690878286812007,537.3364838398568,0.95
0.012381174969379988,0.7682700724200073,593.749690978758,0.95
0.009772295734961262,0.6063852623100073,651.2308826475254,0.95
0.007683570031326252,0.47677675814530646,709.6416819812089,0.95
0.006022866335676808,0.37372765465755414,768.7913853478453,0.95
0.004707908807563679,0.29213261304277693,828.6179935872354,0.95
0.0036710425664699597,0.22779354562496562,889.0367591672155,0.95
0.0028556161648057693,0.1771951457515062,950.0405602849534,0.95
0.002216098413536524,0.13751213564658468,1011.6126763839831,0.95
0.0017155674881145552,0.10645346155801752,1073.780347423109,0.95
0.0013247136471319428,0.08220041088109473,1136.5623984066558,0.95
0.001020154750637634,0.06330208754029681,1199.9951543060324,0.95
0.0007834339097396453,0.04861321453428576,1264.0993558493751,0.95
0.0005999277457249732,0.0372263898234368,1328.8926307692736,0.95
0.00045810036183789235,0.028425794156324836,1394.372142676924,0.95
0.00034882470262775727,0.02164508042791506,1460.5267406116009,0.95
0.00026489636099804236,0.01643720467019562,1527.3355934446577,0.95
0.00020062854903128244,0.012449293404479474,1594.7842309806501,0.95
0.0001515510547427842,0.009403963463021865,1662.8716873237277,0.95
0.0001141631546959998,0.0070839898592413965,1731.6248808199628,0.95
8.573945712859077e-5,0.005320258065520466,1801.10638170791,0.95
6.416894413063408e-5,0.0039817763475967155,1871.426086146002,0.95
4.782532180077104e-5,0.0029676308016799192,1942.7504750037979,0.95
3.546110241903258e-5,0.0022004129991429707,2015.3162628911869,0.95
2.6123170929330765e-5,0.00162098076378143,2089.4454804716056,0.95
1.908554918939926e-5,0.0011842860953723406,2165.5661023810944,0.95
1.3796709620619318e-5,0.0008561059051567579,2244.2373492312267,0.95
9.838396806403502e-6,0.0006104868359430367,2326.183323293649,0.95
6.893712741285395e-6,0.0004277649053948141,2412.337189660838,0.95
4.722239883366072e-6,0.0002930218552326893,2503.9115248496237,0.95
3.141482822836244e-6,0.00019493357975047685,2602.4727141996277,0.95
2.011763498710645e-6,0.00012483285203961642,2710.097211794223,0.95
1.2253212468749344e-6,7.603296610574423e-5,2829.585518162742,0.95
6.978297609502462e-7,4.3301351948954204e-5,2964.8500530259043,0.95
3.6230754960826677e-7,2.248171057924084e-5,3121.576026539286,0.95
1.6472089365732593e-7,1.0221171106016331e-5,3308.485120962338,0.95
6.109088700400948e-8,3.790778420521358e-6,3539.992289960027,0.95
1.5967605330106902e-8,9.90813142208442e-7,3842.1936588445506,0.95
7.727479639068013e-9,4.795013544137713e-7,4015.0,0.95
0.0,10.0,0.0,1.0
0.0009966672672136795,9.991926992442036,0.017008293591628944,1.0
0.010085787183979986,9.918304838001788,0.17742244125325518,1.0
0.030426446455089542,9.753542944688892,0.5764617055671305,1.0
0.05608858008636449,9.54567150420404,1.1857141638338349,1.0
0.08121825774696473,9.342105018031962,1.9613364033912037,1.0
0.10457185748877323,9.152913101581632,2.971662200056069,1.0
0.12325501457070877,9.001538706375287,4.207816505004424,1.0
0.1368163785689937,8.891635768451271,5.7139154002328585,1.0
0.145474210642654,8.821435961335405,7.506050314268057,1.0
0.15038367725005064,8.78158112489055,9.633755830416206,1.0
0.1528052963815975,8.761859657699652,12.149121769344402,1.0
0.15382895142932188,8.753440340361601,15.142148180567908,1.0
0.15418617223064707,8.750392856896298,18.73844626276935,1.0
0.15428293124763146,8.749420498667918,23.13830576106153,1.0
0.1542995864510676,8.74904906504504,28.65465439810876,1.0
0.15429765140086663,8.74875834943859,35.800417080105305,1.0
0.15429116940789206,8.748403719103985,45.296422598001286,1.0
0.1542789158053608,8.74799710407692,57.09633345071369,1.0
0.1542428738963153,8.747768472276563,69.24009012184308,1.0
0.15416502602709792,8.747928843019094,80.20916116901027,1.0
0.15411971744043446,8.747881155391541,89.88447082110982,1.0
0.15414200251612023,8.747319733656262,98.77340348563132,1.0
0.1541737123082439,8.746692685061788,107.41311971112043,1.0
0.15418950140902898,8.746190477407131,116.14932061289527,1.0
0.15419198060454298,8.74578609940728,125.11893863119744,1.0
0.1541864622977852,8.74543715745982,134.30723969552315,1.0
0.15423070831116897,8.744281011734612,152.9313152323748,1.0
0.15420272960917408,8.743444983538176,177.74307028505598,1.0
0.1541721212908607,8.741561292030255,227.53013935627592,1.0
0.15409609303893906,8.737272691655111,342.1608708020852,1.0
0.15385744434180432,8.723739348952755,704.3939831304326,1.0
0.15265332558075145,8.65546552714393,2549.104860028794,1.0
0.15170983405053542,8.601969287012235,4015.0,1.0
0.0,10.0,0.0,1.05
0.0009969673158452983,9.992677271993303,0.015427024562970194,1.05
0.010571895699769188,9.922554474397874,0.1683957705492073,1.05
0.032530974927731056,9.763348432972927,0.5569914476024879,1.05
0.06061413133465995,9.564093671153225,1.1557005482702778,1.05
0.08825593304804186,9.375344012355391,1.916953379768786,1.05
0.11428057613639071,9.209601250831604,2.9117172962287494,1.05
0.13545116950494046,9.092428877377351,4.129481795126939,1.05
0.15130236213406204,9.029660586735268,5.615690139079425,1.05
0.16203993164057975,9.02054769499126,7.385898735723075,1.05
0.1689466224045024,9.057327120323142,9.490577725185423,1.05
0.17343169649957696,9.131452270673524,11.982191440338887,1.05
0.1767620890769727,9.237452747740772,14.95225948431703,1.05
0.17984980224900657,9.374686822819083,18.52857938197986,1.05
0.18332047228148077,9.548952050347253,22.91613789365335,1.05
0.18766264555156667,9.773790747035708,28.436925972926318,1.05
0.19344107766005092,10.074560432508507,35.62198530676131,1.05
0.20142552658378532,10.490420076250997,45.210414293619024,1.05
0.21175608070025945,11.028840906546362,57.074734484091344,1.05
0.22281271390809212,11.607294963542817,69.18736092128906,1.05
0.23317654135190882,12.153829609226895,80.0792125638674,1.05
0.24274674456148748,12.656178389877448,89.67389382751779,1.05
0.2519947679244189,13.135320402995113,98.49275581107729,1.05
0.26134529915520793,13.618820224318556,107.0740663220995,1.05
0.2711336248476227,14.12661582064547,115.7610965836864,1.05
0.28154823179355914,14.668336698843778,124.68808001585477,1.05
0.2926206194426986,15.245155954302799,133.8368158727778,1.05
0.31653377630630153,16.484165914843487,152.38132517896855,1.05
0.3506710150088996,18.263376116908592,176.6876489388728,1.05
0.4253396237992524,22.151927589788475,222.4349512379861,1.05
0.48781738182463796,25.40588216104032,254.95546460140974,1.05
0.6041443112011124,31.464323597425516,305.6787876401052,1.05
0.7160248696765429,37.29122784080441,346.0314380068146,1.05
0.895959684475654,46.662536787925056,399.2816858145549,1.05
1.0865146407376445,56.58702911507306,445.16652699769963,1.05
1.366201780479847,71.15381597148986,499.72271585240304,1.05
1.6813858757932476,87.56954638570679,549.2805101828665,1.05
2.118244616171496,110.32273378053334,604.5366406915084,1.05
2.630290764866,136.99240062277707,656.5109108923556,1.05
3.3145304955411046,172.63138801910173,712.2255416642782,1.05
4.136174546895194,215.428275891675,765.8680506621324,1.05
5.207933832908694,271.25465702882633,822.0294586000424,1.05
6.512908012289487,339.2316608181875,876.9821948583462,1.05
8.186202607649442,426.39910411472965,933.7521974935786,1.05
10.236620174829003,533.2189936433421,989.9758126566603,1.05
12.829249125727856,668.2969277484199,1047.698542665372,1.05
16.006167594723312,833.8332609327936,1105.46179399534,1.05
19.96696508850932,1040.2395284900515,1164.7281952087947,1.05
24.787468910782653,1291.4852138611222,1224.6700622575129,1.05
30.691005779641525,1599.2356545339194,1286.4490584137247,1.05
37.76131652317352,1967.8929972165965,1349.7244220345228,1.05
46.18869704810595,2407.42865537022,1415.5673144897767,1.05
55.96935332494468,2917.708476765949,1484.0545061283062,1.05
67.10043814074959,3498.6575863805156,1556.2808487053373,1.05
79.27392554938207,4134.275197059544,1632.6029246730973,1.05
92.03270812432497,4800.750774568201,1713.9522639901493,1.05
104.60091722972282,5457.571951522779,1800.5004482519853,1.05
116.19657064999187,6063.832215502591,1892.7013045796175,1.05
126.15956025672068,6584.934937437185,1990.8092524158858,1.05
134.19731774562615,7005.477600325746,2096.006240460682,1.05
140.30531463429153,7325.135182884458,2210.1223298142527,1.05
144.69286285053428,7554.797822495789,2336.2505496771955,1.05
147.6548835583935,7709.862917096166,2478.745519782557,1.05
149.51301286670366,7807.146478864836,2644.272503643389,1.05
150.5693580540763,7862.454996873399,2843.1312115013757,1.05
151.0900790042612,7889.719856993808,3092.976378106475,1.05
151.2935252259456,7900.37240128908,3427.1118084489763,1.05
151.34446764693664,7903.039782209318,3920.310589068096,1.05
151.34542504190287,7903.08991112978,4015.0,1.05
0.0,10.0,0.0,1.1
0.0009972274684841988,9.993327630008153,0.014056442446217541,1.1
0.010681366259181079,9.92888712848641,0.15462086690839294,1.1
0.03399029707662618,9.776798698293176,0.52735335761109,1.1
0.06449969526999605,9.586184882752056,1.1114317140248147,1.1
0.09472181341142503,9.411756041178307,1.8528799998278036,1.1
0.12364787081659752,9.268298346166025,2.8265716764118727,1.1
0.14761126980135666,9.184128303565148,4.019519047165703,1.1
0.16612489224056637,9.167925958814603,5.478938975772772,1.1
0.17934489702815568,9.220681429607177,7.219272474631254,1.1
0.1886916420812398,9.337096479698085,9.291824285961704,1.1
0.1957497628642052,9.511260854702588,11.74864102403207,1.1
0.20202171389016732,9.742622860172267,14.681982257665057,1.1
0.2086851327890144,10.038331508337388,18.220320757711942,1.1
0.21672229928269013,10.417862403264722,22.571075313221932,1.1
0.22716556371987884,10.918443893970482,28.06131782593753,1.1
0.2415387843473732,11.609085055327911,35.23421580057235,1.1
0.2622290185134922,12.603554388837848,44.84634726881082,1.1
0.2902777833358775,13.952186094436012,56.73544507433446,1.1
0.32184673675811665,15.47313316695953,68.83439978589425,1.1
0.35296149099933144,16.97863061338471,79.68688822180863,1.1
0.3828655545907603,18.422354481026133,89.22999704908513,1.1
0.41272279366430853,19.854134060143487,97.99159208272923,1.1
0.4440186617427498,21.353257360507754,106.51443476930875,1.1
0.4780735396640752,22.9871693729773,115.14599670485187,1.1
0.5157701182845733,24.79818232725295,124.02291512209605,1.1
0.5574843982170495,26.80375225374245,133.12677467297817,1.1
0.6032009947466408,29.00266050629607,142.3571746521174,1.1
0.6527635741326029,31.386875691779718,151.6072205487967,1.1
0.7061219623390097,33.95344445548675,160.8119419767968,1.1
0.825922578802614,39.69344220054079,179.10040971387775,1.1
0.973325517691869,46.78193241935039,198.3349885108388,1.1
1.1992429330235095,57.63974543945588,222.76862631056207,1.1
1.4454443462889046,69.47352079997209,244.65306797469586,1.1
1.8018118014071363,86.60238377754851,270.4924287917486,1.1
2.209778122331564,106.21167494029605,294.4601427579436,1.1
2.770476798932301,133.16262049754175,321.0469674467251,1.1
3.4344707193785045,165.07934086013776,346.3632995958292,1.1
4.3174087399205,207.52133891897407,373.3856804946291,1.1
5.385510721155294,258.86579247229633,399.58279246425,1.1
6.775738343163651,325.6978976044229,426.90393269363665,1.1
8.478875778744346,407.57696217179955,453.7229985805891,1.1
10.66338557450884,512.6053104360041,481.3184292414161,1.1
13.356960375603405,642.1200591391339,508.6576922078262,1.1
16.773183801339883,806.399385534885,536.5922804223435,1.1
20.992061682566234,1009.3042823561356,564.4804478742246,1.1
26.287450927052365,1264.0261896370096,592.9125267803421,1.1
32.80594453401046,1577.6486028725462,621.512358597754,1.1
40.88991580747077,1966.6913189730058,650.7249546136387,1.1
50.750999259074966,2441.410701335668,680.3698991238108,1.1
62.77607572328844,3020.5337812949533,710.8338746637882,1.1
77.18462683809231,3714.7768896046286,742.1026556416784,1.1
94.28993305590359,4539.430725018212,774.5745395583338,1.1
114.12016373330437,5496.106020124046,808.3924374534058,1.1
136.593920808556,6581.168416596784,844.0010744268718,1.1
161.1159179378717,7766.174117860156,881.6487118917348,1.1
186.71437704262755,9004.385337735472,921.7279997655129,1.1
211.87749709620545,10222.737118189092,964.3857388028675,1.1
235.0428864116175,11345.423364600409,1009.8214769854048,1.1
254.93960932143602,12310.515171300185,1058.2203730065744,1.1
270.98690849275954,13089.44331448965,1110.1533855294877,1.1
283.1866761891136,13681.945456312349,1166.5548851368344,1.1
291.95067606937334,14107.760683985183,1228.9398868094074,1.1
297.8678967592421,14395.343506815072,1299.4829343856873,1.1
301.5782535102533,14575.704860720121,1381.4804483457826,1.1
303.68587092444506,14678.168368241988,1480.0657131088872,1.1
304.7229346250415,14728.589129504695,1604.0194154602395,1.1
305.12675899798217,14748.223109081348,1769.9695804018563,1.1
305.2270912253074,14753.101314947397,2015.3082287535624,1.1
305.2332345264227,14753.400004618092,2451.582354402768,1.1
305.23242446119934,14753.360618526141,3791.1302335420505,1.1
305.23254659667043,14753.366556868432,4015.0,1.1
0.0,10.0,0.0,1.15
0.0009974544939761805,9.993895051375922,0.01286071529722731,1.15
0.010707949039485397,9.934919266991779,0.14146786826950042,1.15
0.03529668747705831,9.789786381684873,0.498337222678556,1.15
0.06826693937673403,9.607472754733205,1.0676515293515834,1.15
0.10138958908265068,9.445604500998561,1.7956791703362107,1.15
0.1333641689467196,9.32413134131959,2.750848279475452,1.15
0.16033584934839634,9.273065104027658,3.92445015111825,1.15
0.18171608529035888,9.304574190966523,5.360927341434911,1.15
0.19769069144317397,9.42165351128257,7.076727300847107,1.15
0.20983552477954617,9.622117074433426,9.122099565317967,1.15
0.21996212895337838,9.903888723456681,11.550344863734672,1.15
0.22986831406367364,10.273185577005336,14.453924438817387,1.15
0.24109956354032736,10.748277931006783,17.963366878901297,1.15
0.25517374804375215,11.368301899068616,22.28916465531421,1.15
0.2740126217564602,12.206111335139505,27.765940935761915,1.15
0.30081858179881454,13.400010408541045,34.952107048150154,1.15
0.341060275789427,15.192635446094805,44.62114099209447,1.15
0.39816310179542996,17.737002682322547,56.546405877548075,1.15
0.46562845176934614,20.74745837706833,68.61948328070865,1.15
0.5354089604263849,23.870814875068096,79.41631422818955,1.15
0.6053606891798446,26.997237152189843,88.89647523365915,1.15
0.6778542701671161,30.22229604197694,97.59580989587806,1.15
0.7567308003958445,33.72859442658363,106.05976005224029,1.15
0.8459163069938096,37.697346589572426,114.63755810188405,1.15
0.948588185406006,42.27018804862874,123.46639854420583,1.15
1.0668311846988778,47.539243024294656,132.52655763351095,1.15
1.2017406542798503,53.5527173920941,141.71515966787456,1.15
1.3539876515784892,60.33972323887486,150.9229733816945,1.15
1.5245423114833894,67.9424851981891,160.0837068716894,1.15
1.9313539153741748,86.02828452399041,178.280270625013,1.15
2.3139878445653705,103.08130609106566,192.2421735496943,1.15
2.9592115777071384,131.8238749081778,211.23225224783434,1.15
3.6061270076202088,160.64425289645564,226.5332081558421,1.15
4.593077295424571,204.61401219952603,245.27381535464582,1.15
5.666570501504272,252.44134737054964,261.59088899721223,1.15
7.191762735079699,320.39619387780004,280.15128312569885,1.15
8.939466658517008,398.2698745347175,297.15883715384126,1.15
11.311339707025498,503.96265678501,315.63509935359014,1.15
14.117653244804226,629.0265936509137,333.1401053902556,1.15
17.812592546897292,793.7112328549293,351.63302707441096,1.15
22.26600504518757,992.2312411274454,369.55157181594717,1.15
28.005383244966307,1248.1225012026182,388.17927654343845,1.15
34.98422709317416,1559.3487420468666,406.52198483525916,1.15
43.82415703439393,1953.6843841614168,425.4416874470952,1.15
54.5817437642354,2433.7381487630723,444.31761319621467,1.15
67.97646464102671,3031.738295863112,463.75915402233045,1.15
84.15490924875019,3754.415959998002,483.4018130116793,1.15
103.87320860503955,4635.80663517593,503.71873156766094,1.15
127.25149391582197,5681.651729784644,524.5371062840013,1.15
154.84796191562168,6917.403695117462,546.2756562595712,1.15
186.39808584620815,8331.826581289202,568.9156725056616,1.15
221.69880457881877,9916.480124469714,592.8585053558525,1.15
259.43002381881564,11612.733298435147,618.1723525727091,1.15
297.95992192169956,13347.599628934244,645.1718918245189,1.15
334.8090143919829,15009.399767839413,673.874962922197,1.15
367.85907067192227,16502.079338420535,704.4840386296981,1.15
395.53617367954325,17753.72001839118,737.1525809428088,1.15
417.3811569092894,18742.66997950155,772.3968046149267,1.15
433.6406687364514,19479.36698254185,810.9288937280915,1.15
445.0719631461832,19997.615727016473,853.9273711413597,1.15
452.59314255758136,20338.73623068218,903.0388385483399,1.15
457.1551733330534,20545.69978409798,960.8416537010957,1.15
459.62611327072585,20657.814730219066,1031.4308225236766,1.15
460.75473877097517,20709.028204978255,1122.102735521136,1.15
461.1394148886016,20726.484134918832,1247.4540109245381,1.15
461.2095117087548,20729.665031079396,1443.3572491098187,1.15
461.20824563679514,20729.607576570066,1837.9767089927832,1.15
461.2084635509321,20729.617465364314,3773.9154836016105,1.15
461.2084355606307,20729.616195187147,4015.0,1.15
0.0,10.0,0.0,1.2
0.0009976537848059447,9.994393059970395,0.011811316999899738,1.2
0.010731343591025835,9.940215842556261,0.1299244869988971,1.2
0.03658986061814491,9.80151779367149,0.4721298913056483,1.2
0.072065735879139,9.627128662143111,1.0274628830121362,1.2
0.10818611728421386,9.477573660347147,1.742618245261743,1.2
0.1433377591673914,9.377830304678278,2.680059512392992,1.2
0.17349783362535862,9.360006503301049,3.8350307018069927,1.2
0.1979779589626549,9.43998136889888,5.249406016875205,1.2
0.21701433424940322,9.62339658245169,6.941523928623369,1.2
0.2323654360067325,9.911934260953585,8.960659146530151,1.2
0.2461190430930438,10.308705001685885,11.361365069577612,1.2
0.26044704981245964,10.828834239290554,14.236384641114782,1.2
0.2773983147548302,11.505607536445957,17.718389219180892,1.2
0.2992736367011221,12.40520846634596,22.021152731621648,1.2
0.32937905118435584,13.651572118248495,27.487274119609015,1.2
0.37368334123654295,15.48763145065939,34.69106564658708,1.2
0.44310936981100973,18.365134692724805,44.42029052942547,1.2
0.5462610855816433,22.641329027057143,56.372330890483376,1.2
0.6743456233982776,27.957345034295393,68.41491409234045,1.2
0.8134562359379413,33.74536322211032,79.15793550714042,1.2
0.9590232961519842,39.79545152810198,88.57774197155015,1.2
1.1157736899694102,46.28702512001549,97.216196068511,1.2
1.2928467488034834,53.61563148724918,105.62123844234944,1.2
1.5008603815196244,62.23149694433903,114.14431092126982,1.2
1.7499065760755155,72.55355045584723,122.92369319861749,1.2
2.0484495768203783,84.93190518048038,131.93880305841378,1.2
2.403132964956296,99.64142847462392,141.0845257216016,1.2
2.819862294913315,116.92590274559124,150.24928525956403,1.2
3.3056864172938374,137.07583912113307,159.36529629238106,1.2
3.870389634792244,160.49548495935403,168.4167725742852,1.2
5.019377149812719,208.03477542886284,183.2902627382696,1.2
6.031980741185865,250.02784714957068,193.85971934036198,1.2
7.792167204566206,322.9952825914415,208.59473900164912,1.2
9.51220559261998,394.306581274017,220.11860125747074,1.2
12.177271253398876,504.8051139473587,234.42803305103521,1.2
15.026538462383767,622.9541825526031,246.67266139100295,1.2
19.10923660796886,792.269644440327,260.74342408008897,1.2
23.726694345689392,983.7950553518,273.51206130405575,1.2
30.013234665358983,1244.6024472735355,287.50133746692126,1.2
37.364363512565326,1549.6565540680892,300.6974033599306,1.2
47.02645694855578,1950.7348684232188,314.7524150423621,1.2
58.5227376903072,2428.1459252394416,328.3713495343362,1.2
73.22866847183337,3039.1439260518455,342.66035720901857,1.2
90.80999387633234,3770.06484891142,356.7928774539402,1.2
112.73779220412564,4682.370794789401,371.5420707900784,1.2
138.75739842278293,5765.935411296353,386.3962536615127,1.2
170.2512508971389,7078.945622757723,401.93762099602156,1.2
206.77152374812,8603.59515189208,417.87865006787575,1.2
249.08806892895507,10373.049393539117,434.70111372669925,1.2
295.8952284648012,12333.915969669655,452.27730631010803,1.2
346.40164540768257,14454.119352170153,471.01378011065714,1.2
397.68468631052343,16611.71237566797,490.8449534739838,1.2
447.1504756685147,18697.520781777934,512.0454996816712,1.2
491.50349074071846,20571.745003780972,534.5652198010015,1.2
528.9436074888517,22156.845244226315,558.6875149670913,1.2
558.5593502161652,23412.658710140542,584.6480242848719,1.2
580.750356356027,24354.789757080067,613.0705372163372,1.2
596.4063493396956,25020.072238087738,644.7146535408415,1.2
606.7770113686468,25461.034504096624,680.8458811571256,1.2
613.1062084219748,25730.259972929787,723.2551633408103,1.2
616.5700290874677,25877.634825831432,774.936815384697,1.2
618.1751872945551,25945.937373636873,841.0322972326452,1.2
618.7375476595337,25969.86804072951,931.8778343536046,1.2
618.8470407699781,25974.527468965844,1072.261388360651,1.2
618.8466359082837,25974.510237552215,1347.7161890862442,1.2
618.8467004105565,25974.51298255471,3681.1110543195164,1.2
618.8466937152599,25974.512697634433,4015.0,1.2
0.0,10.0,0.0,1.25
0.0009978296796495192,9.994832531642212,0.01088531000649443,1.25
0.010752037861080907,9.944891672384443,0.11973841007143872,1.25
0.03786972956540614,9.812165647109918,0.44834027646070285,1.25
0.07589213025560498,9.645354660334977,0.9903886942312997,1.25
0.11510356541137944,9.507868857307116,1.6931620863524366,1.25
0.1535575774628971,9.429591790312525,2.613585501790511,1.25
0.18708564451489443,9.445105151868434,3.7505634340978493,1.25
0.2149033011821615,9.574231152013343,5.143598718677784,1.25
0.23732112876003886,9.82591074422181,6.812773958670223,1.25
0.25631345888117674,10.20651132194457,8.80650524260788,1.25
0.27430389114817466,10.725812581959618,11.180554013605049,1.25
0.29393649760781576,11.410290767119964,14.028030994770347,1.25
0.3179378878428038,12.312833444466932,17.483795929991174,1.25
0.34972224145961717,13.535735606819637,21.765074395924255,1.25
0.3946717100238794,15.273887113138741,27.222766941472578,1.25
0.4631242032841108,17.922826532930085,34.447259369891526,1.25
0.5751485837069149,22.258276019911904,44.2343908258991,1.25
0.749351995953593,29.001274802356573,56.191327992341634,1.25
0.9771788563136292,37.828739195740326,68.19955345035125,1.25
1.2373955285507774,47.932852397755674,78.89780461504321,1.25
1.5217892819005518,58.966760807072724,88.26547149761168,1.25
1.8400609697833403,71.27844719299576,96.84694840739787,1.25
2.213244652561955,85.70625238191226,105.19313210858294,1.25
2.668563029606185,103.32031919603388,113.65926838130792,1.25
3.235408801343969,125.26023725754166,122.38618724542651,1.25
3.9426642842165696,152.64378713819053,131.35350502553618,1.25
4.81755494297136,186.525165150939,140.454318367255,1.25
5.887566689605843,227.9677855293538,149.57457081898505,1.25
7.1851348783735505,278.2251816747061,158.64452980539016,1.25
8.752691744416541,338.93838379363507,167.6475117566335,1.25
11.3442015325426,439.07990911329233,179.45835638776134,1.25
13.643254311548459,528.1243802393028,187.9178098647417,1.25
17.57810721239001,680.4864658229437,199.56372940903472,1.25
21.463618276625713,830.9666628489517,208.79879351877514,1.25
27.406281956616123,1061.1557615636282,220.16559811449932,1.25
33.788519118584944,1308.4344339150844,229.98920117822342,1.25
42.83841940560224,1659.1690529897132,241.23540454658712,1.25
53.06605719641296,2055.7018740799963,251.52119703439806,1.25
66.84567237618316,2590.1864583628526,262.79367116507325,1.25
82.86019919602697,3211.73040880767,273.5080294504877,1.25
103.6332210816011,4018.5254211401816,284.9668281306767,1.25
128.03042695995504,4966.94264360393,296.17047226325036,1.25
158.63461007376245,6157.9392859267955,308.0227093220145,1.25
194.37946395115188,7550.887486323115,319.8862016764112,1.25
237.56674034620968,9236.572887708473,332.42717195656877,1.25
286.7752889981658,11161.044787074281,345.2586475640731,1.25
343.1883457333669,13372.257844044972,358.9075656246345,1.25
404.1384847638591,15767.543334744867,373.15582163486005,1.25
468.4732078740602,18303.0204041779,388.4171606664708,1.25
531.7395695209012,20803.884120567465,404.5451117227002,1.25
590.9135308323195,23149.874514386884,421.8209728084052,1.25
642.2287107548326,25189.872567183986,440.1771317200473,1.25
684.3343991133061,26867.69310683878,459.9420015386336,1.25
716.7314342746902,28161.11167987995,481.34577089584405,1.25
740.3864098380055,29106.881805387548,505.0095254883506,1.25
756.591673595896,29755.471946275593,531.6410926559108,1.25
766.9579278961538,30170.652597660504,562.4705787340152,1.25
772.9903289213144,30412.36036369704,599.2514168433895,1.25
776.0711899083987,30535.833998369617,645.0656624133195,1.25
777.3457383441335,30586.92045436786,705.4654297821335,1.25
777.7051531238764,30601.327075229263,792.5861109264093,1.25
777.7423939976602,30602.819829655862,939.782566455692,1.25
777.7387448689328,30602.673556747475,1309.844328989652,1.25
777.7394583453016,30602.702156070118,2394.6002824435154,1.25
777.739361658761,30602.69828043345,4015.0,1.25
0.0,10.0,0.0,2.0
0.0009990906820135533,9.997981143165996,0.004252074705357364,2.0
0.010901672189455187,9.978441837233817,0.04677282175893101,2.0
0.055687386386513056,9.901433824377868,0.24805537594332588,2.0
0.13527157073450302,9.81814043374589,0.6468865703189925,2.0
0.2298657329499549,9.834572490948254,1.2051243722422502,2.0
0.3307541879919232,10.043750099307532,1.9292015627394061,2.0
0.4352189808798531,10.549720403152037,2.8503012076831213,2.0
0.5428471270165991,11.459558395179263,3.9861742004710874,2.0
0.6607797731027264,12.91172719601826,5.372647436331258,2.0
0.8030561728460873,15.109187358259764,7.05141735413951,2.0
0.9947075559694516,18.42292652309117,9.091083317182564,2.0
1.279726085184984,23.576584741981666,11.59245163241123,2.0
1.745999083237695,32.12348892495976,14.71629914156686,2.0
2.5920091351862675,47.67816568138342,18.701082482414613,2.0
4.265134383581952,78.45516375508039,23.728110661957615,2.0
7.574687868086584,139.34364901889444,29.530118364045578,2.0
14.393332147484196,264.8230698948129,36.025710986981665,2.0
29.01266866236126,533.9968817209818,43.142765543939205,2.0
61.29110531194437,1129.016699590082,50.79357430137286,2.0
132.59665780705436,2446.984719795703,58.82136332230908,2.0
280.5994383141004,5198.497816873922,66.91260232025417,2.0
547.8171109674037,10222.537902282518,74.6965870492976,2.0
949.9529036644835,17929.92548329797,82.0391995636671,2.0
1441.8075369809299,27632.21624113887,88.97438018167666,2.0
1926.8864591743695,37559.87729042219,95.55803521734083,2.0
2324.300727757822,46021.039378444664,101.85590240612595,2.0
2611.633164741405,52364.13241860206,107.99427011125358,2.0
2804.5148423685405,56750.04709606645,114.1290191683322,2.0
2927.716164039271,59614.303961377125,120.39071420216112,2.0
3003.1217273725906,61395.13589600385,126.85739020008789,2.0
3047.314456416915,62450.81455686181,133.53582587338644,2.0
3072.11386675461,63049.21413830577,140.3591713926083,2.0
3085.5458341604726,63376.85983677083,147.223567099904,2.0
3092.700383188857,63552.98271871378,154.04666110073114,2.0
3096.538263916839,63647.30788784751,160.7983707750367,2.0
3098.643582535059,63698.04770011331,167.49163450918925,2.0
3099.8207296657765,63725.51626365439,174.15677631805113,2.0
3100.480035407931,63740.46430840399,180.8205779959365,2.0
3100.8422355167336,63748.62843004686,187.49725344260347,2.0
3101.0337743926934,63753.10067822012,194.1889131249136,2.0
3101.130195543064,63755.55724824498,200.89057255049474,2.0
3101.176897550785,63756.908019521135,207.59558610489904,2.0
3101.199996655849,63757.64803817359,214.29915607930315,2.0
3102.603032815455,63754.8170013333,227.69964738690388,2.0
3102.3288354231818,63755.70657733447,245.0875143874484,2.0
3102.3865300694415,63755.60526334528,279.32046429960866,2.0
3102.377704657089,63755.6235104707,355.85551371520467,2.0
3102.378521768468,63755.62220574548,588.3679563068097,2.0
3102.378489790469,63755.62218569057,1699.0963589818884,2.0
3102.3784901801405,63755.62218898642,4015.0,2.0
0.0,10.0,0.0,3.0
0.000999540189877974,9.99910268053151,0.0018898110112459063,3.0
0.010955557683106843,9.990413613323001,0.020787921123704967,3.0
0.07612626341028483,9.945119369839755,0.14790212516175746,3.0
0.2150839039781478,9.922825494626668,0.43971005094015325,3.0
0.3998381759423886,10.079244086857399,0.8743562685503625,3.0
0.6100609661603572,10.570412378255345,1.4335791168906902,3.0
0.8577137119301489,11.63233115854433,2.1615605227087453,3.0
1.1537577836957875,13.543863947366374,3.064198877352206,3.0
1.5451167135660295,16.803811241124368,4.183009261364869,3.0
2.119513159095612,22.278231843810886,5.55417981276257,3.0
3.0678492125882006,31.848875725059855,7.24684532277411,3.0
4.806180513780492,49.72570995739917,9.339272853343394,3.0
8.241063800119663,85.21369549865275,11.864775824533087,3.0
15.204252244045222,157.22917196211193,14.738051869187005,3.0
29.937977631453684,309.7139017105567,17.92326768232279,3.0
62.37476973257478,645.8513015217889,21.3886420974718,3.0
136.04507032745133,1411.531231582944,25.105485222000233,3.0
304.95878395232523,3179.1870604204887,29.039029448048282,3.0
676.8481834623472,7133.715590349619,33.13102692106668,3.0
1386.7732538356559,14953.182601446042,37.264711507809594,3.0
2434.1373901161364,27306.933233052223,41.35250177572994,3.0
3547.5781418426222,42009.82403094407,45.42091212824984,3.0
4355.888100929049,54337.96711448782,49.2552727379392,3.0
4836.38558762347,62742.440890500984,52.8671465280581,3.0
5114.910254335389,68175.62267725548,56.504391650972686,3.0
5273.219313524285,71509.29546379429,60.290203368386386,3.0
5361.687283703467,73466.8086070838,64.3492079854808,3.0
5409.030178080359,74547.0620611774,68.74781331699404,3.0
5432.636129166908,75098.8316977429,73.46954319716085,3.0
5443.285139000038,75358.39462098244,78.37559722987174,3.0
5447.555274205016,75473.66843053958,83.27507678450317,3.0
5449.1949182434855,75524.0768939344,88.05186205140946,3.0
5450.013995545162,75546.29676616547,92.69740970991067,3.0
5450.588948441918,75556.18212536574,97.26237588266797,3.0
5450.994401675574,75560.61910563032,101.80444067918268,3.0
5451.234339383896,75562.64321987353,106.36167535796302,3.0
5451.339517590412,75563.60095240129,110.94765091307167,3.0
5451.356397382561,75564.08553288401,115.55775534145654,3.0
5451.330397938357,75564.35040494637,120.17981612521295,3.0
5451.296644681837,75564.49890593608,124.80264150702826,3.0
5451.274727078671,75564.57538966078,129.42013989095094,3.0
5453.720913075208,75561.73451363728,138.64258418643118,3.0
5453.220549729088,75562.31850499059,150.60393675245314,3.0
5453.320147339977,75562.20249260496,174.10454805685654,3.0
5453.304712554166,75562.22046705363,226.73222508074264,3.0
5453.306116672935,75562.21883263142,386.494883384472,3.0
5453.306066396548,75562.21889102191,1152.9769985512335,3.0
5453.306066803896,75562.21889055375,4015.0,3.0
0.0,10.0,0.0,4.0
0.0009996975713865235,9.999495248002638,0.0010630186967682592,4.0
0.010974492339958886,9.994606676888893,0.01169320566445085,4.0
0.09371131877822761,9.964673465981466,0.10152481026348835,4.0
0.2918822477249386,9.975926534402417,0.3287370994846223,4.0
0.5749110455409151,10.221311289182852,0.6813695092853069,4.0
0.9097506429131083,10.901399895402669,1.1324937078965918,4.0
1.3359859309980253,12.378996900711224,1.7282892149871083,4.0
1.8907073983520553,15.115149783893385,2.4692440840079906,4.0
2.7045664546586234,20.05454713391174,3.395590700507423,4.0
4.034982219772398,28.993083478826573,4.535549904310057,4.0
6.4748025841608206,46.04296407569252,5.93528675556111,4.0
11.260477992174012,79.87874024631468,7.592542225612671,4.0
21.016779365995465,149.058192770828,9.467889421618167,4.0
41.80669401720352,296.6648657663798,11.539913619932506,4.0
87.90693175408808,624.6268258068471,13.789505123648865,4.0
193.2695263881723,1377.5325657850674,16.19901191602883,4.0
436.0746470243653,3130.8662853465735,18.749308831194927,4.0
971.8480770320618,7097.002169395799,21.410201506085325,4.0
1986.6026667385868,15040.932886081915,24.11632512884041,4.0
3438.878991067448,27767.882494381734,26.828792256992344,4.0
4901.854843514535,43386.66559413152,29.636131555031042,4.0
5816.047888484114,56068.383042010515,32.23092146986915,4.0
6299.64347646521,64641.936739498036,34.62974587423477,4.0
6571.072129677705,70469.90388462976,37.075438179849115,4.0
6725.5149528751335,74253.58678480954,39.62324254698763,4.0
6815.377269959093,76651.92755273823,42.37462553308127,4.0
6866.438894634696,78088.9581585431,45.36720877669912,4.0
6893.989893385137,78893.49921418347,48.601438726785595,4.0
6907.59959745857,79309.44242223934,51.99209367439216,4.0
6913.585570036887,79511.06119780357,55.40200042586169,4.0
6916.047473603667,79606.36277082164,58.7320243732978,4.0
6917.29798372106,79651.78343398123,61.96224701520651,4.0
6918.190553164909,79673.8755975993,65.12445424957646,4.0
6918.8451405100805,79684.83543047788,68.26191366367414,4.0
6919.2552127973695,79690.35531335039,71.40606271833286,4.0
6919.457188223923,79693.1684223985,74.5703967929038,4.0
6919.51633508147,79694.62079301993,77.75372679201654,4.0
6919.49894534305,79695.3823665769,80.94775617479824,4.0
6919.458472990037,79695.78481609818,84.14381383098257,4.0
6919.427626052808,79695.99337068378,87.33658988012367,4.0
6922.537655611611,79694.15888439052,93.71280511315749,4.0
6921.903277634285,79694.592473456,101.98344504387661,4.0
6922.029885669194,79694.51687053169,118.23719124361526,4.0
6922.010277183536,79694.52873199704,154.63936551363867,4.0
6922.012061769102,79694.52770878546,265.18052646261424,4.0
6922.011997623586,79694.52773596642,795.6184985879661,4.0
6922.011998154942,79694.52773613484,4015.0,4.0
0.0,10.0,0.0,5.0
0.0009997704259806512,9.99967695581985,0.0006803319664462985,5.0
0.010983269543142792,9.996547982729092,0.007483651630909282,5.0
0.10916419080220473,9.975334470512719,0.07531929013015914,5.0
0.3646766901081683,10.006221762378425,0.2594863451467494,5.0
0.7484468788851494,10.308322630520152,0.5540442646423939,5.0
1.2199333275917041,11.125952445111523,0.9340367202766742,5.0
1.846337320511346,12.91689921067376,1.4366098916590682,5.0
2.710156727210358,16.325261599351137,2.0643614258704477,5.0
4.060389513363937,22.716458766930785,2.8501927780922465,5.0
6.410723942721844,34.82452238386435,3.813514072852546,5.0
10.898745992512684,58.668960388234446,4.967455293925516,5.0
19.879114607741364,106.80544366458075,6.286516479909016,5.0
38.71420825080906,208.03213118125151,7.754461260724723,5.0
79.928060563801,429.99853741179766,9.357120932888579,5.0
173.30964348794433,934.9977645817328,11.081808433218665,5.0
388.82161842825343,2111.624731301324,12.915825652207587,5.0
876.6599280408093,4836.275151496845,14.843353358301968,5.0
1868.1326808539905,10675.719840694926,16.82962272533271,5.0
3440.212035531185,21052.997131289965,18.827048206271463,5.0
5215.094621170767,35630.19714574107,20.89878731705035,5.0
6477.924549294086,50290.70239607755,23.00082467754769,5.0
7059.517304899469,60048.82919661141,24.762228730314636,5.0
7379.969169289452,67303.74188283022,26.57181620898724,5.0
7558.482916795105,72292.3757295294,28.39795454567863,5.0
7667.145033961165,75791.38133346432,30.363725402496303,5.0
7733.185129979496,78117.74767455526,32.470249929078975,5.0
7772.813627781586,79600.34220413165,34.734810598892764,5.0
7795.424158920502,80488.42171225081,37.116027588856014,5.0
7807.460169660829,80990.6750113128,39.53621757808384,5.0
7813.566648367606,81265.26939829625,41.922510235538255,5.0
7816.869659030266,81414.95560186502,44.24540802808368,5.0
7818.970088343248,81497.90321148487,46.515433415153474,5.0
7820.407301505407,81544.81144980273,48.75917852572754,5.0
7821.3413580868355,81571.72935228945,51.00035812702624,5.0
7821.884982973157,81587.27396537142,53.252028387656765,5.0
7822.155093652762,81596.2519703155,55.51670136611762,5.0
7822.258376099507,81601.42422038768,57.79041233207967,5.0
7822.2798408777835,81604.39484757125,60.067422117096946,5.0
7822.27685087659,81606.09482548416,62.343409241233445,5.0
7822.278168410749,81607.06279770067,64.6165663255267,5.0
7825.824665068836,81606.5814703749,69.15767981275205,5.0
7825.111286820629,81607.16864791255,75.04676016106846,5.0
7825.256780820057,81607.192636064,86.6207717588234,5.0
7825.234413259375,81607.19634385519,112.5089907882152,5.0
7825.236462593205,81607.19650208685,191.07723584382512,5.0
7825.236386609478,81607.1963959814,567.0701619288791,5.0
7825.236387350581,81607.19640183289,4015.0,5.0
0.0,10.0,0.0,6.0
0.0009998100038194936,9.99977566266915,0.0004724527546049619,6.0
0.010988040902218572,9.997602656207322,0.005196980300654581,6.0
0.1099149530656074,9.982857952144707,0.05244225576115077,6.0
0.40540731397017604,10.015342961366615,0.19815908733766605,6.0
0.8791271609483582,10.323331002663513,0.44336611238508983,6.0
1.4839048547110838,11.188932227325967,0.7662406227579877,6.0
2.303352781871416,13.11410107162136,1.1917618919859745,6.0
3.474063865566241,16.881307260437456,1.7267554515517416,6.0
5.361168146713814,24.11445056534589,2.3948485060697706,6.0
8.737378321729373,38.12820163301604,3.2078208508153456,6.0
15.257933123155434,65.97610301302069,4.162575491548996,6.0
28.479588999374446,122.91836408918249,5.240956144725008,6.0
56.611947898119155,244.43833820065856,6.432797099434586,6.0
118.93902214440361,514.4973031112211,7.727253233546142,6.0
261.31100736446,1135.3493901550255,9.11472317430839,6.0
589.273320209956,2587.1939573160516,10.585255496231794,6.0
1312.3251965998802,5905.152434584609,12.12395120211928,6.0
2671.879807369684,12680.812675275914,13.69546308997894,6.0
4565.46066186535,23894.409361669055,15.281638494441399,6.0
6387.076161126308,38831.08747737685,16.995357005153952,6.0
7345.509432171118,51336.16022178005,18.54914358026778,6.0
7780.793136576225,60111.06371620775,19.92838021570651,6.0
8019.977842357177,66843.76267170515,21.351325385408316,6.0
8159.542940654179,71764.35209712407,22.8109974629934,6.0
8247.963764425402,75389.64476023035,24.37348523753755,6.0
8304.362307346682,77944.55001137764,26.03181160471374,6.0
8339.911713813051,79674.25724757297,27.77432318697267,6.0
8361.531964723243,80791.58054380197,29.558782114390176,6.0
8374.250569696758,81487.81530211464,31.3352361893618,6.0
8381.840499826603,81915.78484896377,33.07263976439481,6.0
8386.727520512091,82180.75926361335,34.76817056837661,6.0
8390.078870132042,82347.58134373714,36.43651293383584,6.0
8392.373381648538,82454.22254729891,38.09544973555094,6.0
8393.878893531142,82522.97460715858,39.757418620357335,6.0
8394.811768677868,82567.37876911339,41.427484098864866,6.0
8395.356831454124,82595.98996970548,43.104861566125045,6.0
8395.66184566213,82614.3605864314,44.78611633712712,6.0
8395.834803484875,82626.1227916568,46.467843611353416,6.0
8395.94407487226,82633.64232826584,48.14806513413166,6.0
8396.024266294591,82638.44754601932,49.826363151830485,6.0
8399.90698751982,82642.6220327155,53.18023499689822,6.0
8399.177298661149,82645.22440582408,57.528819312772164,6.0
8399.349453381943,82646.150469188,66.08442554340986,6.0
8399.32601660151,82646.18115700265,85.11503558249245,6.0
8399.328119204667,82646.17623617488,143.17188708562028,6.0
8399.328053826792,82646.17694947835,421.93870894188944,6.0
8399.328053751291,82646.17691127691,2956.2557975227674,6.0
8399.32805375578,82646.1769115487,4015.0,6.0
0.0,10.0,0.0,7.0
0.0009998338688599114,9.999835180251603,0.0003471081462808084,7.0
0.010990919071319232,9.998238637651095,0.0038181896090888918,7.0
0.11019849829259507,9.987410958059366,0.03852900423716972,7.0
0.4414679143708717,10.019677919770874,0.15740100636644658,7.0
1.0010592820012072,10.326131087028545,0.36606561981446695,7.0
1.7370001159818866,11.21619729056838,0.645562684465745,7.0
2.746998380544492,13.219136065732314,1.0127462205800217,7.0
4.225342951383284,17.220003027893092,1.4766256277996113,7.0
6.652661191134176,25.01623196216037,2.053914111847156,7.0
11.055547834256227,40.29129717647298,2.750854258928963,7.0
19.611596934027638,70.80336048223735,3.5594996799856164,7.0
37.12118165623907,133.76932296422498,4.467788395233499,7.0
74.69255555914732,269.3420153762656,5.467554858788616,7.0
158.50982990602822,573.0350584576333,6.550252609170767,7.0
350.5505074386006,1275.002394446123,7.708095941827818,7.0
790.2171958652102,2915.904095754471,8.932790654630992,7.0
1731.7651100074504,6608.524837540918,10.209404047310546,7.0
3381.159910670751,13844.609859937602,11.505035579501273,7.0
5454.389116525243,25296.735478071907,12.827284827772798,7.0
7194.723327929038,40106.143664464886,14.303197070336008,7.0
7910.062248273506,50766.42504630127,15.491221167460425,7.0
8254.885832360886,59083.63458144574,16.64695239459128,7.0
8441.239256497634,65458.99652991255,17.804725465070415,7.0
8556.21502982376,70436.17532694218,19.02225091203488,7.0
8630.840061199095,74214.57938286924,20.302982262138325,7.0
8680.165237877722,77002.69230612907,21.64443442539837,7.0
8712.399975733837,78982.51506761007,23.021235302068366,7.0
8733.070552426936,80341.53198380815,24.39883324162804,7.0
8746.369280892859,81256.91407941734,25.749774113804975,7.0
8755.328406791468,81873.58323767534,27.065514136898315,7.0
8761.695642146587,82294.44808776627,28.353608210485284,7.0
8766.29346080849,82586.19372772687,29.627607198521194,7.0
8769.559875104032,82790.69821204215,30.899079358375094,7.0
8771.819764348229,82934.722299954,32.174348010334164,7.0
8773.34512906096,83036.12334913877,33.45477367726448,7.0
8774.360089502372,83107.32704028222,34.73866898763516,7.0
8775.039052987984,83157.19146052562,36.02354367760392,7.0
8775.506703325698,83192.05602891065,37.30756692110783,7.0
8775.842274356668,83216.42412532517,38.59004463379273,7.0
8780.23211893715,83245.11126080263,41.15232152472018,7.0
8779.663592028794,83262.18059519591,44.46958564450192,7.0
8779.95944873338,83271.54474342427,51.00935226461621,7.0
8779.952167661982,83272.79163664064,64.68754800108317,7.0
8779.952131072321,83272.62105184453,104.09600283501888,7.0
8779.95248281478,83272.65233222127,234.30617869385898,7.0
8779.952440539273,83272.64929257694,726.5640446273131,7.0
8779.952441932002,83272.64939013071,3812.367140300058,7.0
8779.952441923708,83272.64938955159,4015.0,7.0
