gamma,sigma,prob_end_mean,prob_end_25,prob_end_75,prob_out10_mean,prob_out10_25,prob_out10_75,prob_out100_mean,prob_out100_25,prob_out100_75,max_cases_all_mean,max_cases_all_25,max_cases_all_75,num_cases_mean,num_cases_25,num_cases_75,end_time_mean,end_time_25,end_time_75,time_max_mean,time_max_25,time_max_75
4.0,0.0,0.9590000000000002,0.95,0.97,0.9590000000000002,0.95,0.97,0.9590000000000002,0.95,0.97,2720.801558837976,2693.1663277145235,2753.127613469038,1350.9235810178714,1302.8836460695784,1406.3017546973638,3501.8360000000002,3469.26,3541.3475,2065.427,2012.3799999999999,2130.5275
4.0,0.02,0.9570000000000001,0.9524999999999999,0.96,0.9570000000000001,0.9524999999999999,0.96,0.9570000000000001,0.9524999999999999,0.96,2803.5381615597116,2791.7828655936096,2811.89646750714,1263.1091158849306,1190.7408054415905,1338.7489573971175,3494.7529999999997,3478.495,3505.7574999999997,2047.089,2017.5949999999998,2093.9
4.0,0.04,0.9640000000000001,0.96,0.97,0.9640000000000001,0.96,0.97,0.9640000000000001,0.96,0.97,2990.1469361799554,2973.6114642743996,3012.8711220766854,1164.0127029939686,1131.2368468827658,1211.2346530116456,3521.631,3507.39,3542.89,1987.2459999999999,1917.8500000000001,2073.4
4.0,0.06,0.891,0.89,0.8975,0.891,0.89,0.8975,0.891,0.89,0.8975,2956.073148569247,2950.002299477754,2975.761975472437,931.3234973997116,912.2455744448534,965.3591452906602,3257.5679999999998,3253.065,3280.6475,1879.2740000000001,1859.0225,1898.53
4.0,0.08,0.966,0.96,0.97,0.966,0.96,0.97,0.966,0.96,0.97,3380.500834905238,3363.0032310908196,3396.019787408525,1182.0823308468505,1155.5842048039183,1208.5083393795926,3527.1270000000004,3505.3450000000003,3541.715,2206.3630000000003,2172.295,2242.085
4.0,0.1,0.9180000000000001,0.91,0.9275,0.9180000000000001,0.91,0.9275,0.9180000000000001,0.91,0.9275,3432.8231269660355,3402.237179112818,3466.8319323565233,1192.386823069084,1163.942273074638,1204.596773045661,3354.0389999999998,3324.8575,3388.4024999999997,2006.2,1969.0575,2028.19
4.0,0.12,0.885,0.87,0.8875,0.885,0.87,0.8875,0.885,0.87,0.8875,3483.1012491928805,3411.619127964613,3507.4206991305928,1027.4957255000209,982.0959822563773,1080.8551286018887,3236.0200000000004,3181.7825000000003,3244.835,1884.274,1846.6499999999999,1905.865
4.0,0.14,0.946,0.94,0.95,0.946,0.94,0.95,0.946,0.94,0.95,3975.844605539622,3961.530985696423,4003.1877786907794,1228.5738161111808,1185.378986653433,1275.6948870823192,3455.0860000000002,3433.2125,3469.61,2106.8059999999996,2073.04,2136.605
4.0,0.16,0.9179999999999999,0.92,0.92,0.9179999999999999,0.92,0.92,0.9179999999999999,0.92,0.92,4032.8910275280277,4030.0213542850292,4041.85770614791,1388.3121850007715,1329.3237929294337,1450.4194497656654,3353.5810000000006,3360.2,3361.1675,1909.5699999999997,1884.2024999999999,1942.1625
4.0,0.18,0.9040000000000001,0.9,0.91,0.9040000000000001,0.9,0.91,0.9040000000000001,0.9,0.91,4185.503320525893,4155.25683324252,4219.02523235292,1133.5415296194562,1101.9943418185765,1145.1667249867678,3305.451,3290.3,3328.19,1966.0849999999998,1903.4850000000001,2013.555
4.0,0.2,0.9180000000000001,0.91,0.93,0.9180000000000001,0.91,0.93,0.9180000000000001,0.91,0.93,4465.835321982386,4427.475685552667,4538.212826268514,1307.280606305065,1213.9913079385046,1388.5711814705269,3355.097,3325.83,3399.1499999999996,2023.0349999999999,1997.7225,2080.11
4.0,0.22,0.9040000000000001,0.89,0.9175,0.9040000000000001,0.89,0.9175,0.9040000000000001,0.89,0.9175,4606.719169168751,4512.493067221111,4698.544804921716,1084.6359782819507,1054.2641843996366,1100.171308647456,3307.318,3256.05,3356.745,1835.637,1778.1975,1875.8825
4.0,0.24,0.89,0.88,0.8975,0.89,0.88,0.8975,0.89,0.88,0.8975,4692.284695342032,4638.712352312632,4724.290876627725,970.4267140983153,939.4292196285221,1021.3354994420694,3254.832,3218.37,3282.2275,1917.214,1848.33,1959.865
4.0,0.26,0.834,0.8225,0.84,0.834,0.8225,0.84,0.834,0.8225,0.84,4679.603934984513,4639.514184879028,4723.965360273081,902.8399445251368,866.4084653120215,937.8065277135825,3053.6780000000003,3012.6549999999997,3074.9075000000003,1867.176,1854.25,1893.06
4.0,0.28,0.859,0.8425,0.87,0.8720000000000001,0.86,0.8875,0.859,0.8425,0.87,4938.238635771383,4830.652341749987,5023.606552615455,1119.0533080834698,1068.5669313937701,1195.475431804366,3143.4369999999994,3085.19,3182.835,1802.468,1767.4475,1852.3575
4.0,0.3,0.796,0.7725,0.82,0.8140000000000001,0.79,0.8474999999999999,0.796,0.7725,0.82,4769.651125758533,4660.234358420473,4917.415195420899,713.6705203813997,655.697629109884,796.8897281213758,2921.0739999999996,2838.7,3007.6,1757.5099999999998,1697.9575,1822.1374999999998
4.0,0.32,0.7529999999999999,0.7424999999999999,0.76,0.804,0.8,0.81,0.76,0.745,0.77,4555.605635341601,4484.939440481091,4606.746297758931,859.8395703502478,814.6047553657115,894.2419744921045,2775.233,2739.855,2799.09,1705.2559999999999,1688.8775,1717.3625000000002
4.0,0.34,0.79,0.7725,0.8075000000000001,0.835,0.83,0.84,0.79,0.7725,0.8075000000000001,5011.1026358606305,4904.162171647236,5117.731010171501,853.2670675639649,827.0975866745232,892.3558860354022,2903.2529999999997,2844.3325,2959.7999999999997,1687.3290000000002,1630.5675,1722.645
4.0,0.36,0.752,0.725,0.78,0.792,0.78,0.8175,0.752,0.725,0.78,4887.9887960764,4698.4733330602485,5042.694607905329,437.4870926323266,373.49451699737494,504.1723261080669,2762.302,2667.5075,2862.3875,1625.944,1523.1924999999999,1712.5149999999999
4.0,0.38,0.674,0.64,0.7,0.747,0.7324999999999999,0.7575000000000001,0.71,0.6924999999999999,0.7275,4453.917628392291,4312.592023830178,4558.150995047421,512.8687734844539,483.60661078185547,579.1143242459177,2529.1839999999997,2424.875,2599.8149999999996,1516.666,1438.4375,1563.7725
4.0,0.4,0.615,0.61,0.6275,0.6890000000000001,0.6825,0.7,0.637,0.625,0.6475,4160.409909138926,4052.0130290809684,4255.196896661978,425.7871949659934,409.51602942165357,455.8991165579694,2306.5809999999997,2279.645,2342.465,1387.604,1338.31,1409.095
2.4930747922437675,0.0,0.9709999999999999,0.97,0.97,0.9709999999999999,0.97,0.97,0.9709999999999999,0.97,0.97,2752.547650394828,2748.2813981294858,2751.0541016890556,1210.8539350560836,1175.1222415586594,1235.7327292038108,3545.096,3541.34,3541.5575,1999.8760000000002,1971.3175,2038.025
2.4930747922437675,0.02,0.9890000000000001,0.99,0.99,0.9890000000000001,0.99,0.99,0.9890000000000001,0.99,0.99,2896.6276247411465,2897.7062868708745,2900.5212900723086,1236.217472335524,1198.6819998515016,1287.8191032341795,3610.101999999999,3613.71,3613.74,2253.193,2226.8475,2281.42
2.4930747922437675,0.04,0.975,0.97,0.98,0.975,0.97,0.98,0.975,0.97,0.98,3038.1281530166802,3021.962546359827,3057.0785167071963,1226.5267107022826,1194.6222601140948,1248.3905445996427,3560.446,3542.5575,3578.77,2123.028,2083.3725,2160.4625
2.4930747922437675,0.06,0.9800000000000001,0.9724999999999999,0.9875,0.9800000000000001,0.9724999999999999,0.9875,0.9800000000000001,0.9724999999999999,0.9875,3245.6215275544646,3219.2114818572127,3273.1820909623975,1144.797932298794,1064.7446812951653,1162.8196642667535,3577.4480000000003,3550.4449999999997,3604.515,2158.143,2152.9449999999997,2180.215
2.4930747922437675,0.08,0.991,0.99,0.99,0.991,0.99,0.99,0.991,0.99,0.99,3493.3363175857035,3486.6884885326454,3490.8925362237615,1226.5090828470634,1204.2537028665008,1238.1657548231692,3617.4380000000006,3613.82,3613.82,2064.295,2023.32,2100.32
2.4930747922437675,0.1,0.9349999999999998,0.93,0.94,0.9349999999999998,0.93,0.94,0.9349999999999998,0.93,0.94,3498.6915328936566,3463.1667065655924,3530.638349081999,1408.1933096562368,1355.6760362579662,1450.7744468387532,3414.986,3396.9575,3433.09,1938.0549999999998,1896.0175,1972.775
2.4930747922437675,0.12,0.9730000000000001,0.97,0.97,0.9730000000000001,0.97,0.97,0.9730000000000001,0.97,0.97,3825.78427474451,3808.489160464312,3819.4093381486646,1413.3110673110439,1292.7187778145685,1506.5946861012487,3552.2339999999995,3541.35,3541.46,2121.861,2112.2275,2142.825
2.4930747922437675,0.14,0.9820000000000002,0.98,0.99,0.9820000000000002,0.98,0.99,0.9820000000000002,0.98,0.99,4156.228306607409,4140.276471820983,4188.502900978518,1214.9794446250546,1125.0220771684665,1270.3521004962492,3585.0370000000003,3577.47,3613.82,2106.05,2054.2875,2132.745
2.4930747922437675,0.16,0.9890000000000001,0.99,0.99,0.9890000000000001,0.99,0.99,0.9890000000000001,0.99,0.99,4354.556597486282,4352.212284394644,4358.6623227181135,1039.2891858547773,990.391449151796,1116.5482416273212,3610.1169999999997,3613.68,3613.68,2187.7560000000003,2162.56,2196.2400000000002
2.4930747922437675,0.18,0.9349999999999998,0.93,0.94,0.9349999999999998,0.93,0.94,0.9349999999999998,0.93,0.94,4357.312800016738,4306.730505226594,4404.861699029115,1179.611110953739,1156.9415110863042,1192.5151872597085,3415.1810000000005,3397.19,3433.18,2010.596,1963.2624999999998,2051.15
2.4930747922437675,0.2,0.9489999999999998,0.94,0.9575,0.9489999999999998,0.94,0.9575,0.9489999999999998,0.94,0.9575,4601.056399152503,4584.244653639678,4629.214734144922,1281.7317616776895,1229.0148280515468,1370.0313076584248,3465.1659999999997,3432.69,3495.8424999999997,2050.777,2030.8125,2085.015
2.4930747922437675,0.22,0.9179999999999999,0.91,0.93,0.9179999999999999,0.91,0.93,0.9179999999999999,0.91,0.93,4705.961944815235,4653.127343758574,4759.932430609042,997.2456362023697,885.5768085600437,1127.2058032476511,3353.8839999999996,3324.565,3397.2325,1934.7959999999998,1909.8325,1967.8899999999999
2.4930747922437675,0.24,0.95,0.9424999999999999,0.95,0.95,0.9424999999999999,0.95,0.95,0.9424999999999999,0.95,5052.799592979258,5006.032053921579,5084.762234573852,1202.2255993136944,1204.3686825807704,1249.0343202642891,3468.624,3441.355,3468.72,2053.73,2018.875,2089.4725
2.4930747922437675,0.26,0.867,0.8525,0.885,0.876,0.855,0.8875,0.867,0.8525,0.885,4834.279916397656,4732.112429484484,4915.709315321563,869.5415222545856,841.4250235937806,911.5830142423562,3171.1220000000003,3118.3275,3234.6925,1892.9919999999997,1839.4225000000001,1928.4750000000001
2.4930747922437675,0.28,0.917,0.91,0.92,0.922,0.92,0.92,0.917,0.91,0.92,5175.436179843287,5123.241390347168,5221.1568842974675,1065.2196037527137,991.5599892807118,1123.5019246088518,3350.5099999999998,3326.01,3360.9,2133.865,2096.775,2176.1549999999997
2.4930747922437675,0.3,0.859,0.85,0.8674999999999999,0.859,0.85,0.8674999999999999,0.859,0.85,0.8674999999999999,5165.408862042518,5133.451506347718,5196.803465492544,662.7755375333398,646.4752914871694,672.5974502827706,3139.4379999999996,3106.195,3170.9775,1831.841,1774.9575,1897.4275
2.4930747922437675,0.32,0.899,0.89,0.9075,0.899,0.89,0.9075,0.899,0.89,0.9075,5445.438438170406,5390.922692884593,5500.014956489634,673.7252679739606,632.5631498254285,706.1425589402786,3285.9939999999997,3254.32,3316.265,1876.248,1849.0675,1899.615
2.4930747922437675,0.34,0.8370000000000001,0.8225,0.8574999999999999,0.86,0.85,0.87,0.8370000000000001,0.8225,0.8574999999999999,5179.208128340868,5052.723052228229,5344.0044430463295,880.0149692770462,853.8019664174917,903.1460266734358,3067.3990000000003,3017.125,3139.245,1780.4279999999999,1701.57,1839.8274999999999
2.4930747922437675,0.36,0.8320000000000001,0.82,0.84,0.8320000000000001,0.82,0.84,0.8320000000000001,0.82,0.84,5286.980224679381,5147.1526130189395,5432.144246652511,619.1079737500456,588.1213808458708,665.4220051159809,3044.18,3001.5125000000003,3072.895,1771.6169999999997,1680.08,1840.2925
2.4930747922437675,0.38,0.884,0.8825000000000001,0.89,0.8990000000000002,0.9,0.91,0.884,0.8825000000000001,0.89,5716.716116211056,5680.849186814736,5840.358125721696,752.1521308648321,718.1570419491576,783.1676094788738,3236.764,3233.4474999999998,3259.9425,1876.3739999999998,1857.0049999999999,1922.885
2.4930747922437675,0.4,0.748,0.74,0.7575000000000001,0.8310000000000001,0.82,0.8374999999999999,0.773,0.77,0.7875000000000001,5238.05620806636,5211.290451883202,5301.169084490565,547.6930542825373,519.7180726825103,576.7559091119906,2803.381,2793.71,2839.5125,1658.057,1609.25,1706.8174999999999
2.0408163265306123,0.0,0.9880000000000001,0.99,0.99,0.9880000000000001,0.99,0.99,0.9880000000000001,0.99,0.99,2809.264344682362,2813.320357134409,2815.6820313233275,1201.140647030794,1175.1338401321577,1241.9052275230863,3606.500000000001,3613.67,3613.83,2084.2670000000003,2036.52,2132.9375
2.0408163265306123,0.02,0.9870000000000003,0.98,0.9975,0.9870000000000003,0.98,0.9975,0.9870000000000003,0.98,0.9975,2888.4938796495844,2867.273272930721,2918.6214604363117,1262.6864659206033,1209.4119994502012,1289.4938064432035,3602.7470000000003,3577.3,3640.9175,2129.9190000000003,2060.515,2205.3100000000004
2.0408163265306123,0.04,0.9860000000000001,0.98,0.99,0.9860000000000001,0.98,0.99,0.9860000000000001,0.98,0.99,3067.984102296704,3048.306163078423,3082.1430749866286,1476.3555531101715,1442.1457576684593,1555.0399750925005,3599.0630000000006,3577.3325,3613.55,2046.016,2034.1550000000002,2063.355
2.0408163265306123,0.06,0.99,0.98,1.0,0.99,0.98,1.0,0.99,0.98,1.0,3285.57574625432,3251.0512667156254,3320.2328501832862,1185.5309739941397,1154.806350509438,1231.481444019881,3613.746,3577.52,3650.0,2082.82,2043.6925,2129.1425
2.0408163265306123,0.08,0.993,0.99,0.9975,0.993,0.99,0.9975,0.993,0.99,0.9975,3514.4791205440088,3502.753916820109,3530.7552618110176,1316.2994086693311,1290.7534984710294,1348.2397849511806,3624.9119999999994,3614.16,3641.04,2224.576,2193.2400000000002,2252.9750000000004
2.0408163265306123,0.1,0.9940000000000001,0.99,1.0,0.9940000000000001,0.99,1.0,0.9940000000000001,0.99,1.0,3725.183419730968,3703.050449309866,3748.782451942584,1085.5443459258938,997.8152889065084,1148.6974111768163,3628.3160000000003,3613.92,3650.0,2171.63,2138.0225,2202.095
2.0408163265306123,0.12,0.998,1.0,1.0,0.998,1.0,1.0,0.998,1.0,1.0,3991.5327275646814,3983.936338654477,4006.142065354795,1141.3103975138044,1100.8289270705811,1181.512995208744,3642.7380000000003,3650.0,3650.0,2114.692,2100.4449999999997,2140.425
2.0408163265306123,0.14,0.99,0.99,0.99,0.99,0.99,0.99,0.99,0.99,0.99,4186.909140758201,4184.454527110064,4208.850290871667,1045.0259255447806,984.7314196543466,1150.4362286258552,3613.8959999999997,3614.07,3614.07,2061.943,2047.815,2085.6725
2.0408163265306123,0.16,0.9760000000000002,0.97,0.98,0.9760000000000002,0.97,0.98,0.9760000000000002,0.97,0.98,4303.158428913384,4274.791990699483,4326.584369984271,1231.7493775514365,1215.027644413366,1263.847043415304,3563.0740000000005,3541.2,3577.63,2099.048,2050.5725,2148.805
2.0408163265306123,0.18,0.9680000000000002,0.96,0.9775,0.9680000000000002,0.96,0.9775,0.9680000000000002,0.96,0.9775,4443.072635524361,4381.2795940828855,4493.701207845892,1250.404302457199,1225.967075843378,1280.9833757369822,3533.932,3504.85,3568.4500000000003,2090.918,2037.02,2135.1
2.0408163265306123,0.2,0.9649999999999999,0.9524999999999999,0.97,0.9649999999999999,0.9524999999999999,0.97,0.9649999999999999,0.9524999999999999,0.97,4736.004871650682,4670.079169895662,4789.558467522066,1063.5219375594636,1028.0718177812425,1102.1042449299737,3522.9629999999997,3477.4900000000002,3541.17,2102.946,2091.3575,2127.7025
2.0408163265306123,0.22,1.0,1.0,1.0,1.0,1.0,1.0,1.0,1.0,1.0,5028.505025711224,5021.38024748283,5045.7920525023155,1387.5137092126163,1276.9531766605446,1503.6698423149037,3650.0,3650.0,3650.0,2049.157,2022.095,2093.0924999999997
2.0408163265306123,0.24,0.9820000000000002,0.98,0.9875,0.9820000000000002,0.98,0.9875,0.9820000000000002,0.98,0.9875,5196.436085019224,5146.765784663923,5224.846887286383,1158.963424977224,1136.2394123972344,1175.4384099515382,3584.7759999999994,3577.52,3604.7,2139.934,2112.4825,2169.3225
2.0408163265306123,0.26,0.9650000000000001,0.95,0.98,0.9650000000000001,0.95,0.98,0.9650000000000001,0.95,0.98,5352.104505643679,5260.59793477094,5451.606220656721,983.9568593056895,917.5224607074863,1036.9455327744108,3523.307,3469.11,3577.4,2039.3880000000001,2028.4675,2049.16
2.0408163265306123,0.28,0.9579999999999999,0.94,0.97,0.9579999999999999,0.94,0.97,0.9579999999999999,0.94,0.97,5526.996783849584,5362.553556232311,5662.539996975278,1059.6241481371476,1037.963955608223,1085.8396435029028,3497.405,3431.99,3541.01,2090.5690000000004,1966.9299999999998,2212.73
2.0408163265306123,0.3,0.967,0.96,0.9775,0.967,0.96,0.9775,0.967,0.96,0.9775,5801.897509895495,5755.725714448213,5859.950244643992,1039.5286860239132,998.9841538338072,1077.0311503364037,3530.54,3505.37,3568.3725000000004,1895.4180000000003,1806.7075,1943.7225
2.0408163265306123,0.32,0.93,0.9225000000000001,0.9375,0.933,0.93,0.94,0.93,0.9225000000000001,0.9375,5705.827676985154,5656.544794321103,5763.984496349265,1062.9081424673907,1025.1560877169263,1115.6339720897092,3396.893,3370.3275000000003,3423.9325,1949.0070000000003,1886.6675,1993.1275
2.0408163265306123,0.34,0.9189999999999999,0.91,0.9275,0.9209999999999999,0.9125000000000001,0.9275,0.9189999999999999,0.91,0.9275,5781.691732897112,5712.4132080415075,5832.668062643201,855.7113998328962,843.5915498149981,879.1007038319517,3357.6090000000004,3325.2149999999997,3388.145,1993.6490000000001,1947.2175,2041.0725
2.0408163265306123,0.36,0.8780000000000001,0.8625,0.89,0.882,0.8725,0.89,0.8780000000000001,0.8625,0.89,5694.826080532527,5635.5191558962315,5738.248110232166,645.9566048895284,625.8319764603254,669.6795048974769,3208.584,3152.9874999999997,3251.435,1973.393,1950.7075,2025.1925
2.0408163265306123,0.38,0.885,0.8825000000000001,0.89,0.9030000000000001,0.895,0.91,0.885,0.8825000000000001,0.89,5914.098653374502,5878.219290282348,5980.537410386473,892.9954874900259,837.1112281806461,963.908535397553,3236.0420000000004,3226.5,3254.6375,1804.7390000000003,1762.2075,1831.74
2.0408163265306123,0.4,0.8480000000000001,0.83,0.865,0.8719999999999999,0.8625,0.88,0.849,0.8325,0.865,5707.406789456458,5570.099922596512,5838.347500155809,634.4834740993722,614.7435863968126,674.5379923417928,3105.755,3043.6475,3164.77,1788.7810000000002,1760.9775,1811.3
1.44,0.0,1.0,1.0,1.0,1.0,1.0,1.0,1.0,1.0,1.0,2303.1426709751627,2301.615609595374,2304.78840880362,1833.3912557075632,1830.3687649021654,1833.9904314510486,3650.0,3650.0,3650.0,2010.125,1993.13,2026.605
1.44,0.02,1.0,1.0,1.0,1.0,1.0,1.0,1.0,1.0,1.0,2316.554644271773,2314.8050563293023,2318.145810111986,1858.7996414155964,1853.153207237492,1866.7238541763413,3650.0,3650.0,3650.0,1927.429,1887.455,1947.4875000000002
1.44,0.04,0.998,1.0,1.0,0.998,1.0,1.0,0.998,1.0,1.0,2348.484113253202,2343.3562836968044,2355.542129113066,1832.5526455189897,1827.8424237981942,1837.1263392524459,3642.7619999999997,3650.0,3650.0,1922.5819999999999,1881.625,1962.5625
1.44,0.06,0.9970000000000001,0.9924999999999999,1.0,0.9970000000000001,0.9924999999999999,1.0,0.9970000000000001,0.9924999999999999,1.0,2388.9540304971038,2376.3954357959324,2399.6935436992567,1810.3691722211515,1798.3910411968852,1822.0378774161131,3639.071,3622.6775000000002,3650.0,1840.7760000000003,1777.6675,1894.785
1.44,0.08,1.0,1.0,1.0,1.0,1.0,1.0,1.0,1.0,1.0,2448.8843065311376,2446.3914979584165,2452.380797063031,1830.3059388573324,1820.4659519348736,1838.3525521114714,3650.0,3650.0,3650.0,1999.6650000000002,1976.4775,2035.965
1.44,0.1,1.0,1.0,1.0,1.0,1.0,1.0,1.0,1.0,1.0,2506.404013058297,2503.792376766513,2508.6523123555176,1821.6603796317581,1817.1129545627966,1826.425537091051,3650.0,3650.0,3650.0,1969.6760000000002,1935.7275,2002.085
1.44,0.12,0.9960000000000001,0.99,1.0,0.9960000000000001,0.99,1.0,0.9960000000000001,0.99,1.0,2574.6983514389503,2564.45132845832,2582.0300620640796,1838.3334167963617,1828.5512480358527,1844.9812948378526,3635.46,3613.65,3650.0,2042.3310000000001,1998.165,2080.11
1.44,0.14,0.9970000000000001,0.9924999999999999,1.0,0.9970000000000001,0.9924999999999999,1.0,0.9970000000000001,0.9924999999999999,1.0,2662.104004369109,2644.6011757813644,2674.481471147292,1838.9985422032569,1833.3103783096087,1844.1236100827678,3639.1160000000004,3622.79,3650.0,2006.873,1976.5125,2038.6100000000001
1.44,0.16,1.0,1.0,1.0,1.0,1.0,1.0,1.0,1.0,1.0,2756.500296472747,2754.147309548375,2760.529753007643,1831.9937431571957,1815.8228701469536,1842.9702177677625,3650.0,3650.0,3650.0,1868.0729999999999,1831.7749999999999,1902.6775
1.44,0.18,0.9969999999999999,0.9924999999999999,1.0,0.9969999999999999,0.9924999999999999,1.0,0.9969999999999999,0.9924999999999999,1.0,2816.3992567105815,2798.9099582748927,2829.7636163406337,1813.410605413438,1802.3612629477068,1819.1331524431712,3639.0979999999995,3622.745,3650.0,1971.85,1943.9275,1993.2
1.44,0.2,0.9810000000000002,0.98,0.98,0.9810000000000002,0.98,0.98,0.9810000000000002,0.98,0.98,2891.111917689753,2886.559245186434,2898.518473758866,1807.7343224956417,1796.4221145431966,1818.4027990986451,3581.142,3577.47,3577.57,2009.998,1974.415,2053.8225
1.44,0.22,0.9920000000000002,0.99,0.9975,0.9920000000000002,0.99,0.9975,0.9920000000000002,0.99,0.9975,3042.598034061324,3037.846785390057,3047.7495714786037,1833.0662336808805,1823.7103129650015,1843.3296279463368,3620.9170000000004,3613.65,3640.9125,1917.2169999999999,1884.1575,1943.7549999999999
1.44,0.24,0.998,1.0,1.0,0.998,1.0,1.0,0.998,1.0,1.0,3196.8967231648303,3185.243932688643,3227.099363835544,1805.7420125376807,1797.1223903321752,1818.9911697695964,3642.7880000000005,3650.0,3650.0,1948.5080000000003,1906.695,1994.22
1.44,0.26,0.9820000000000002,0.98,0.98,0.9820000000000002,0.98,0.98,0.9820000000000002,0.98,0.98,3316.714592622061,3299.2653183167536,3327.678201587593,1773.378939023034,1764.8952794119311,1781.7957420016521,3584.75,3577.5,3577.5,1949.7489999999998,1929.53,1981.6799999999998
1.44,0.28,0.9840000000000002,0.98,0.99,0.9840000000000002,0.98,0.99,0.9840000000000002,0.98,0.99,3438.250461015563,3379.595333951037,3487.3436186940958,1774.8720266110322,1774.0883323425942,1781.3884011299479,3591.989,3577.43,3613.84,1956.15,1908.22,1994.3225
1.44,0.3,0.976,0.955,0.9975,0.976,0.955,0.9975,0.976,0.955,0.9975,3659.9875400114965,3594.0289618832658,3744.30393334926,1748.4881886762832,1729.007112417151,1767.2093270469481,3562.932,3486.795,3640.885,1791.431,1740.6475,1817.3875
1.44,0.32,0.9950000000000001,0.99,1.0,0.9950000000000001,0.99,1.0,0.9950000000000001,0.99,1.0,3829.471937538663,3789.166620715573,3866.9399752495347,1760.3963697751128,1749.3228473391616,1781.8646361623325,3631.8269999999998,3613.65,3650.0,1909.0190000000002,1801.7775000000001,2009.51
1.44,0.34,0.991,0.98,1.0,0.991,0.98,1.0,0.991,0.98,1.0,4003.6130259193255,3973.879743820253,4024.1841016947556,1781.0795245069803,1773.6411707101822,1794.794141613634,3617.3020000000006,3577.33,3650.0,1890.607,1831.5475000000001,1945.7125
1.44,0.36,0.9840000000000002,0.98,0.99,0.9840000000000002,0.98,0.99,0.9840000000000002,0.98,0.99,4359.834203765253,4330.498481484875,4407.812307379298,1751.1633480508704,1734.5456690293095,1765.8045812015262,3591.8560000000007,3577.35,3613.61,1967.8469999999998,1942.3675,1997.965
1.44,0.38,0.924,0.9125000000000001,0.93,0.924,0.9125000000000001,0.93,0.924,0.9125000000000001,0.93,4407.556042589615,4330.238719849253,4511.94757456175,1619.9409310302865,1580.2273466690979,1673.0825113559013,3373.85,3332.1575000000003,3395.5299999999997,1691.5449999999996,1651.3474999999999,1748.365
1.44,0.4,0.9179999999999999,0.9125000000000001,0.9275,0.9179999999999999,0.9125000000000001,0.9275,0.9179999999999999,0.9125000000000001,0.9275,4763.242838115267,4718.812528928237,4835.618526836947,1594.9409584940447,1554.6701155364628,1628.3398472781619,3351.939,3332.08,3386.3075,1789.622,1737.07,1829.85
0.5625,0.0,1.0,1.0,1.0,1.0,1.0,1.0,1.0,1.0,1.0,5747.966067703515,5747.420756655198,5748.470890232168,5452.384611611923,5448.224025863362,5456.466369841262,3650.0,3650.0,3650.0,1930.989,1918.0275,1944.235
0.5625,0.02,1.0,1.0,1.0,1.0,1.0,1.0,1.0,1.0,1.0,5753.006280779326,5752.6168899121385,5753.544959420316,5453.630265380953,5451.89839050241,5455.336438719181,3650.0,3650.0,3650.0,1912.8899999999999,1852.285,1968.935
0.5625,0.04,0.993,0.99,0.9975,0.993,0.99,0.9975,0.993,0.99,0.9975,5741.481412776362,5724.117036799866,5767.219495863224,5427.193766370223,5405.1482565241695,5457.064082149719,3624.5339999999997,3613.62,3640.9049999999997,1975.784,1962.785,1987.8574999999998
0.5625,0.06,1.0,1.0,1.0,1.0,1.0,1.0,1.0,1.0,1.0,5819.653420333421,5818.735054650465,5820.221641515978,5450.903785884962,5442.367973018279,5456.867797058227,3650.0,3650.0,3650.0,1861.2270000000003,1814.0125,1906.4524999999999
0.5625,0.08,1.0,1.0,1.0,1.0,1.0,1.0,1.0,1.0,1.0,5861.006012077379,5858.409021421261,5864.059524544146,5437.454814577471,5424.146080244559,5447.619041588996,3650.0,3650.0,3650.0,1664.7759999999998,1646.105,1690.6225
0.5625,0.1,1.0,1.0,1.0,1.0,1.0,1.0,1.0,1.0,1.0,5906.698273426518,5905.429262440087,5908.60650310617,5446.004922405141,5439.659935383002,5451.028566982285,3650.0,3650.0,3650.0,1952.1680000000001,1873.0175,2024.1225
0.5625,0.12,1.0,1.0,1.0,1.0,1.0,1.0,1.0,1.0,1.0,5953.688686769187,5948.750100871269,5958.53385155682,5434.4620972190805,5422.166610702827,5444.688303941947,3650.0,3650.0,3650.0,1850.336,1811.495,1877.88
0.5625,0.14,1.0,1.0,1.0,1.0,1.0,1.0,1.0,1.0,1.0,5992.895433630401,5989.984834646431,5996.003871425513,5427.038490105522,5412.207786772662,5438.064661003034,3650.0,3650.0,3650.0,1944.85,1904.0025,1987.5425
0.5625,0.16,1.0,1.0,1.0,1.0,1.0,1.0,1.0,1.0,1.0,6045.502981500909,6044.990072018789,6047.475503328898,5446.393743211405,5431.460590492107,5459.94345842851,3650.0,3650.0,3650.0,2076.689,2058.9775,2090.93
0.5625,0.18,1.0,1.0,1.0,1.0,1.0,1.0,1.0,1.0,1.0,6085.137868896062,6083.004272993496,6086.3753601831995,5408.2460652406635,5397.636898420777,5418.697020651725,3650.0,3650.0,3650.0,1818.6890000000003,1800.6750000000002,1838.7725
0.5625,0.2,1.0,1.0,1.0,1.0,1.0,1.0,1.0,1.0,1.0,6141.126751345876,6140.514237434713,6142.35121360701,5445.98091371703,5430.859788317048,5461.328627888019,3650.0,3650.0,3650.0,1917.8200000000002,1899.1000000000001,1938.6374999999998
0.5625,0.22,1.0,1.0,1.0,1.0,1.0,1.0,1.0,1.0,1.0,6183.053309542028,6180.260982689123,6186.262129562024,5440.387081054978,5434.205214081326,5448.977382852576,3650.0,3650.0,3650.0,1755.011,1737.0874999999999,1761.6
0.5625,0.24,1.0,1.0,1.0,1.0,1.0,1.0,1.0,1.0,1.0,6220.043884790329,6213.819907281278,6225.5069831811015,5395.9966019813155,5389.007821369044,5399.469452665852,3650.0,3650.0,3650.0,2040.5049999999999,2020.78,2067.5725
0.5625,0.26,0.993,0.99,0.9975,0.993,0.99,0.9975,0.993,0.99,0.9975,6228.292816029675,6211.611108348535,6250.671849919847,5357.8919056718405,5350.475242269789,5366.410775596727,3624.5339999999997,3613.62,3640.9049999999997,1806.1340000000005,1789.8025,1828.8325
0.5625,0.28,0.9880000000000001,0.99,0.99,0.9880000000000001,0.99,0.99,0.9880000000000001,0.99,0.99,6238.974462471122,6244.269804705241,6250.671618526435,5368.1155268691,5354.09246849634,5383.026100413401,3606.3299999999995,3613.62,3613.62,1801.85,1780.7575,1845.8975
0.5625,0.3,0.9940000000000001,0.99,1.0,0.9940000000000001,0.99,1.0,0.9940000000000001,0.99,1.0,6321.860162691013,6295.274234425853,6360.909768049742,5360.651557011969,5339.537919605491,5376.010032239376,3628.154,3613.59,3650.0,2035.8020000000001,2001.3474999999999,2083.645
0.5625,0.32,0.9820000000000002,0.98,0.98,0.9820000000000002,0.98,0.98,0.9820000000000002,0.98,0.98,6281.086361918542,6266.653919644083,6270.787545931522,5284.833823407341,5267.250112010602,5299.877751911004,3584.5519999999997,3577.27,3577.27,1765.1290000000001,1681.7849999999999,1824.1924999999999
0.5625,0.34,1.0,1.0,1.0,1.0,1.0,1.0,1.0,1.0,1.0,6442.042481666289,6439.927931134843,6444.31159375952,5434.723021008192,5419.284713752865,5450.706393431976,3650.0,3650.0,3650.0,1904.0759999999998,1859.815,1950.665
0.5625,0.36,0.998,1.0,1.0,0.998,1.0,1.0,0.998,1.0,1.0,6460.219863037861,6469.220508599669,6473.308540011134,5401.5065178642535,5394.641718048452,5420.63670615009,3642.71,3650.0,3650.0,1861.226,1836.2175000000002,1883.2024999999999
0.5625,0.38,0.9529999999999997,0.94,0.96,0.9529999999999997,0.94,0.96,0.9529999999999997,0.94,0.96,6208.818583145617,6124.263626565154,6256.850853375653,5196.94855639365,5133.394706790895,5240.261683542357,3479.024,3431.74,3504.5175,1965.382,1924.21,2001.8375
0.5625,0.4,0.9960000000000001,0.99,1.0,0.9960000000000001,0.99,1.0,0.9960000000000001,0.99,1.0,6530.570751435015,6494.891928541188,6557.631579024228,5319.454102056914,5267.82609843619,5352.4578097582,3635.4600000000005,3613.65,3650.0,1785.084,1722.705,1856.1950000000002
0.140625,0.0,1.0,1.0,1.0,1.0,1.0,1.0,1.0,1.0,1.0,8749.211533917458,8748.968873452319,8749.46174712746,8573.554591678854,8572.18573926525,8575.199888028563,3650.0,3650.0,3650.0,1808.866,1761.7225,1861.6475
0.140625,0.02,1.0,1.0,1.0,1.0,1.0,1.0,1.0,1.0,1.0,8747.83184989844,8747.604442293981,8748.080101141935,8570.255716772037,8569.365214474226,8571.744123146495,3650.0,3650.0,3650.0,1896.6120000000003,1810.925,1928.3000000000002
0.140625,0.04,1.0,1.0,1.0,1.0,1.0,1.0,1.0,1.0,1.0,8758.163127774875,8757.300538102925,8759.025708963178,8567.820238642986,8566.00764636006,8569.437772350468,3650.0,3650.0,3650.0,1904.997,1843.6475,1958.3125
0.140625,0.06,1.0,1.0,1.0,1.0,1.0,1.0,1.0,1.0,1.0,8765.539287382193,8764.213375092613,8766.596738737506,8566.06348840029,8563.97089772186,8568.129820959557,3650.0,3650.0,3650.0,1777.7259999999999,1706.1875,1854.375
0.140625,0.08,1.0,1.0,1.0,1.0,1.0,1.0,1.0,1.0,1.0,8776.626186868794,8776.002007516034,8777.064560279574,8569.948304000653,8566.359681887261,8571.939104076017,3650.0,3650.0,3650.0,1849.497,1833.3075,1858.8025
0.140625,0.1,1.0,1.0,1.0,1.0,1.0,1.0,1.0,1.0,1.0,8792.417142134307,8790.810176476753,8794.444980977072,8578.744161733228,8576.50723218838,8580.431812015746,3650.0,3650.0,3650.0,1970.377,1946.5475,1979.9825
0.140625,0.12,1.0,1.0,1.0,1.0,1.0,1.0,1.0,1.0,1.0,8807.109512082701,8806.723650794394,8807.723932331504,8577.36236696722,8570.824408389904,8584.034035076795,3650.0,3650.0,3650.0,1881.3060000000005,1865.98,1926.5875
0.140625,0.14,1.0,1.0,1.0,1.0,1.0,1.0,1.0,1.0,1.0,8819.232558095084,8818.398761961424,8819.903837656097,8561.591405677704,8559.090231970657,8563.077910295055,3650.0,3650.0,3650.0,1812.8040000000005,1780.77,1840.3675
0.140625,0.16,1.0,1.0,1.0,1.0,1.0,1.0,1.0,1.0,1.0,8833.48685382555,8832.818002277201,8834.279602163693,8580.589974709657,8579.06051441791,8582.376777149908,3650.0,3650.0,3650.0,1893.6739999999998,1870.9,1922.16
0.140625,0.18,1.0,1.0,1.0,1.0,1.0,1.0,1.0,1.0,1.0,8849.82150514397,8848.528349670665,8850.954627885058,8565.000909984898,8562.612082105603,8566.826208193932,3650.0,3650.0,3650.0,1972.739,1927.6475,2025.68
0.140625,0.2,1.0,1.0,1.0,1.0,1.0,1.0,1.0,1.0,1.0,8861.779506495513,8860.587911202521,8863.10922079691,8579.845172213934,8576.688831071395,8583.828431934171,3650.0,3650.0,3650.0,1888.3999999999996,1835.4325,1932.9875000000002
0.140625,0.22,1.0,1.0,1.0,1.0,1.0,1.0,1.0,1.0,1.0,8879.230834167032,8878.884881257196,8879.584386419405,8560.87134467141,8557.058517672045,8562.060342361054,3650.0,3650.0,3650.0,1833.4959999999999,1774.565,1879.665
0.140625,0.24,1.0,1.0,1.0,1.0,1.0,1.0,1.0,1.0,1.0,8893.879581121533,8892.58503763255,8895.434378708924,8562.66048165502,8557.423599926922,8563.064576363258,3650.0,3650.0,3650.0,1877.4599999999998,1857.6000000000001,1896.98
0.140625,0.26,1.0,1.0,1.0,1.0,1.0,1.0,1.0,1.0,1.0,8903.494618956436,8901.805316863602,8905.267422671383,8551.207781547351,8546.980434713434,8556.78508472933,3650.0,3650.0,3650.0,1841.9559999999997,1806.9575,1883.6425
0.140625,0.28,1.0,1.0,1.0,1.0,1.0,1.0,1.0,1.0,1.0,8918.083666345045,8917.035836686828,8919.19182078911,8578.51321698956,8577.926593807571,8584.318448428805,3650.0,3650.0,3650.0,1791.557,1774.42,1796.28
0.140625,0.3,1.0,1.0,1.0,1.0,1.0,1.0,1.0,1.0,1.0,8931.52554332649,8931.068263715824,8931.854065039444,8563.48363576319,8551.269384351535,8573.478788288594,3650.0,3650.0,3650.0,2067.3839999999996,2032.905,2106.765
0.140625,0.32,1.0,1.0,1.0,1.0,1.0,1.0,1.0,1.0,1.0,8945.996429283421,8944.132063221823,8947.196898087697,8571.796950300039,8566.829332898125,8571.374960814812,3650.0,3650.0,3650.0,1866.5809999999997,1852.5425,1875.335
0.140625,0.34,1.0,1.0,1.0,1.0,1.0,1.0,1.0,1.0,1.0,8959.10904414939,8957.933783836226,8961.110545928503,8564.252411963716,8557.442933281736,8567.029554803757,3650.0,3650.0,3650.0,1815.7540000000001,1799.0325,1842.4725
0.140625,0.36,1.0,1.0,1.0,1.0,1.0,1.0,1.0,1.0,1.0,8967.443645067922,8966.173282633205,8968.70386288982,8565.414843623455,8558.924574734545,8574.824624540584,3650.0,3650.0,3650.0,1808.324,1783.895,1846.8
0.140625,0.38,1.0,1.0,1.0,1.0,1.0,1.0,1.0,1.0,1.0,8979.526512045859,8978.740606170602,8980.26279935404,8556.482230296453,8552.547533988965,8559.801343158208,3650.0,3650.0,3650.0,1772.0570000000002,1697.54,1812.9325
0.140625,0.4,1.0,1.0,1.0,1.0,1.0,1.0,1.0,1.0,1.0,8990.027102494178,8989.22700441095,8990.734350481234,8545.087172021333,8539.67208862869,8550.393908535816,3650.0,3650.0,3650.0,1858.5199999999998,1822.5275,1914.2275
0.05325443786982249,0.0,1.0,1.0,1.0,1.0,1.0,1.0,1.0,1.0,1.0,9543.23461597339,9542.78678270321,9543.622446371008,9425.04072402228,9424.403453242106,9425.871590427365,3650.0,3650.0,3650.0,1664.975,1623.6075,1726.9875
0.05325443786982249,0.02,1.0,1.0,1.0,1.0,1.0,1.0,1.0,1.0,1.0,9543.246497765203,9543.01158547905,9543.328435383668,9435.628419620552,9434.568511731492,9436.427553921281,3650.0,3650.0,3650.0,1908.2520000000004,1892.245,1928.1325000000002
0.05325443786982249,0.04,1.0,1.0,1.0,1.0,1.0,1.0,1.0,1.0,1.0,9544.941522320978,9544.690014110593,9545.120943751212,9425.601238977595,9424.633457070337,9426.833237926254,3650.0,3650.0,3650.0,1836.211,1775.5725,1893.7275
0.05325443786982249,0.06,1.0,1.0,1.0,1.0,1.0,1.0,1.0,1.0,1.0,9548.965623971128,9548.768811399008,9549.223338326863,9426.363614818456,9425.782901576724,9426.746670736253,3650.0,3650.0,3650.0,1753.369,1739.3725,1763.3850000000002
0.05325443786982249,0.08,1.0,1.0,1.0,1.0,1.0,1.0,1.0,1.0,1.0,9550.038903643663,9549.593574767998,9550.431348987247,9429.183911673415,9427.222581667596,9431.068695747343,3650.0,3650.0,3650.0,1892.646,1870.5775,1909.4299999999998
0.05325443786982249,0.1,1.0,1.0,1.0,1.0,1.0,1.0,1.0,1.0,1.0,9555.489796044027,9555.15641724364,9556.03033767376,9426.700791497866,9424.817736504017,9428.842688998659,3650.0,3650.0,3650.0,1726.598,1650.0475000000001,1799.3625
0.05325443786982249,0.12,1.0,1.0,1.0,1.0,1.0,1.0,1.0,1.0,1.0,9559.964922452207,9559.17810671929,9560.710633505963,9428.74878073098,9427.644457727298,9430.464867452165,3650.0,3650.0,3650.0,1792.0130000000001,1775.4275,1810.9075
0.05325443786982249,0.14,1.0,1.0,1.0,1.0,1.0,1.0,1.0,1.0,1.0,9564.929814734105,9564.907750687784,9565.181764813027,9428.532105920774,9427.86626296216,9429.479322428342,3650.0,3650.0,3650.0,1860.175,1782.715,1930.64
0.05325443786982249,0.16,1.0,1.0,1.0,1.0,1.0,1.0,1.0,1.0,1.0,9568.888470058599,9568.40018765489,9569.4081439715,9432.640003969229,9430.86021049064,9436.234550730336,3650.0,3650.0,3650.0,1863.175,1830.805,1892.185
0.05325443786982249,0.18,1.0,1.0,1.0,1.0,1.0,1.0,1.0,1.0,1.0,9574.704899459626,9573.94726610479,9575.624182563863,9428.359613403944,9427.1209200609,9429.296206144369,3650.0,3650.0,3650.0,1807.9350000000002,1743.5425,1850.04
0.05325443786982249,0.2,1.0,1.0,1.0,1.0,1.0,1.0,1.0,1.0,1.0,9578.652764500894,9578.021249044736,9579.197195518354,9422.355994455636,9418.497799343513,9425.782800282028,3650.0,3650.0,3650.0,1841.6800000000003,1783.2575000000002,1887.3875
0.05325443786982249,0.22,1.0,1.0,1.0,1.0,1.0,1.0,1.0,1.0,1.0,9584.248510556392,9583.997979122221,9584.434976467875,9431.834526411534,9431.296395089594,9433.699994049757,3650.0,3650.0,3650.0,1830.8120000000004,1790.4675000000002,1868.5324999999998
0.05325443786982249,0.24,1.0,1.0,1.0,1.0,1.0,1.0,1.0,1.0,1.0,9590.46721704552,9589.334787601147,9592.124818411798,9424.783336489183,9423.161287702023,9426.434017676438,3650.0,3650.0,3650.0,1796.4010000000003,1751.0149999999999,1836.1775
0.05325443786982249,0.26,1.0,1.0,1.0,1.0,1.0,1.0,1.0,1.0,1.0,9594.17872856682,9593.714584562622,9594.602450813509,9427.654954381038,9425.273105312726,9431.764185209171,3650.0,3650.0,3650.0,1879.9699999999998,1846.7275,1904.0700000000002
0.05325443786982249,0.28,1.0,1.0,1.0,1.0,1.0,1.0,1.0,1.0,1.0,9599.139820682447,9598.674105940085,9599.416790847059,9420.222352219786,9416.68291765368,9423.652735790036,3650.0,3650.0,3650.0,1886.929,1843.3400000000001,1930.3174999999999
0.05325443786982249,0.3,1.0,1.0,1.0,1.0,1.0,1.0,1.0,1.0,1.0,9602.25235035842,9601.97758967479,9602.604035503939,9425.162988416447,9423.671472653285,9426.861903402249,3650.0,3650.0,3650.0,1873.735,1821.3999999999999,1899.7375
0.05325443786982249,0.32,1.0,1.0,1.0,1.0,1.0,1.0,1.0,1.0,1.0,9609.329001719676,9609.164884493275,9609.86984746231,9416.3609303137,9412.151039532402,9421.50292260643,3650.0,3650.0,3650.0,1859.637,1827.435,1885.2425
0.05325443786982249,0.34,1.0,1.0,1.0,1.0,1.0,1.0,1.0,1.0,1.0,9614.596364749174,9614.233993237289,9614.980496441494,9424.947505416196,9420.46601224889,9430.501876173588,3650.0,3650.0,3650.0,1884.3929999999996,1833.035,1922.1299999999999
0.05325443786982249,0.36,1.0,1.0,1.0,1.0,1.0,1.0,1.0,1.0,1.0,9621.062392866483,9620.207339868733,9622.010162856068,9422.809863909832,9422.079262950863,9423.013725380266,3650.0,3650.0,3650.0,1942.0079999999998,1916.5725,1977.015
0.05325443786982249,0.38,1.0,1.0,1.0,1.0,1.0,1.0,1.0,1.0,1.0,9624.709058666816,9624.23650935801,9625.36061212012,9411.887684638845,9410.91762170286,9413.250440015676,3650.0,3650.0,3650.0,1717.0760000000002,1686.8874999999998,1752.9925
0.05325443786982249,0.4,1.0,1.0,1.0,1.0,1.0,1.0,1.0,1.0,1.0,9626.797130256478,9626.370074690196,9626.90213268223,9412.608587708763,9406.771437733474,9416.77704120958,3650.0,3650.0,3650.0,1808.6699999999996,1789.9025,1827.495
